"family"	"0_Sal"	"0_SubG"	"0_SupG"	"0_T"	"21_Sal"	"21_SubG"	"21_SupG"	"21_T"
"d__Archaea; p__Crenarchaeota; c__Nitrososphaeria; o__Nitrosopumilales; f__Nitrosopumilaceae"	0	0.000168424785920639	2.51952632905014e-05	2.70626357582879e-05	0	0	0	0
"d__Archaea; p__Nanoarchaeota; c__Nanoarchaeia; o__Woesearchaeales; f__Woesearchaeales"	0	0	0	0	0	0	0	0
"d__Archaea; p__Thermoplasmatota; c__Thermoplasmata; o__Marine_Group_II; f__Marine_Group_II"	0	2.30176084704799e-05	0	0	0	0	0	0
"d__Bacteria; p__Abditibacteriota; c__Abditibacteria; o__Abditibacteriales; f__Abditibacteriaceae"	0	0	0	0	0	0	0	1.0712085910929e-05
"d__Bacteria; p__Acidobacteriota; c__Acidobacteriae; o__Acidobacteriae; f__Acidobacteriae"	0	0.000135433423764205	3.09472967536286e-05	0	0	2.49512670565302e-05	0	9.47418285172904e-06
"d__Bacteria; p__Acidobacteriota; c__Acidobacteriae; o__Acidobacteriales; f__Acidobacteriaceae_(Subgroup_1)"	0	0	0	0	0	0	0	2.32095194736795e-05
"d__Bacteria; p__Acidobacteriota; c__Acidobacteriae; o__GOUTB8; f__GOUTB8"	0	2.30176084704799e-05	8.3984210968338e-06	0	0	0	0	0
"d__Bacteria; p__Acidobacteriota; c__Acidobacteriae; o__PAUC26f; f__PAUC26f"	0	4.27830365260174e-06	0	0	0	0	0	0
"d__Bacteria; p__Acidobacteriota; c__Acidobacteriae; o__Subgroup_13; f__Subgroup_13"	0	0	0	0	0	0	0	0
"d__Bacteria; p__Acidobacteriota; c__Aminicenantia; o__Aminicenantales; f__Aminicenantales"	0	0	0	0	0	0	0	0
"d__Bacteria; p__Acidobacteriota; c__Blastocatellia; o__Pyrinomonadales; f__Pyrinomonadaceae"	0	0	0	0	0	0	0	0
"d__Bacteria; p__Acidobacteriota; c__c5LKS83; o__c5LKS83; f__c5LKS83"	0	0	0	0	0	0	0	0
"d__Bacteria; p__Acidobacteriota; c__Holophagae; o__Holophagales; f__Holophagaceae"	0	7.30041413992138e-05	3.88963123948672e-05	1.16113675288107e-05	0	0	0	0
"d__Bacteria; p__Acidobacteriota; c__Holophagae; o__Subgroup_7; f__Subgroup_7"	0	1.53450723136533e-05	0	0	0	0	0	0
"d__Bacteria; p__Acidobacteriota; c__Subgroup_22; o__Subgroup_22; f__Subgroup_22"	0	4.44091267334886e-05	0	4.81823219060926e-06	0	0	0	0
"d__Bacteria; p__Acidobacteriota; c__Subgroup_26; o__Subgroup_26; f__Subgroup_26"	0	0	0	0	0	0	0	0
"d__Bacteria; p__Acidobacteriota; c__Thermoanaerobaculia; o__Thermoanaerobaculales; f__Thermoanaerobaculaceae"	0	3.03191350977594e-05	2.80235975430433e-05	0	0	0	0	1.89483657034581e-05
"d__Bacteria; p__Acidobacteriota; c__Vicinamibacteria; o__Subgroup_17; f__Subgroup_17"	0	0	1.41569868269238e-05	0	0	0	0	0
"d__Bacteria; p__Acidobacteriota; c__Vicinamibacteria; o__Subgroup_9; f__Subgroup_9"	0	0	0	0	0	0	0	0
"d__Bacteria; p__Acidobacteriota; c__Vicinamibacteria; o__Vicinamibacterales; f__uncultured"	0	0	0	0	0	0	0	0
"d__Bacteria; p__Acidobacteriota; c__Vicinamibacteria; o__Vicinamibacterales; f__Vicinamibacteraceae"	0	0	7.07849341346188e-06	0	0	0	0	0
"d__Bacteria; p__Actinobacteriota; c__Acidimicrobiia; o__Actinomarinales; f__Actinomarinaceae"	0	0.000122760578509226	0	0	0	0	0	0
"d__Bacteria; p__Actinobacteriota; c__Acidimicrobiia; o__Actinomarinales; f__uncultured"	0	0	0	0	0	0	0	0
"d__Bacteria; p__Actinobacteriota; c__Acidimicrobiia; o__Microtrichales; f__Ilumatobacteraceae"	0	0	0	0	0	0	0	0
"d__Bacteria; p__Actinobacteriota; c__Actinobacteria; o__Actinomycetales; f__Actinomycetaceae"	0.0172982380057217	0.0520149255210652	0.051843611561412	0.0393382722758389	0.0176114257019574	0.0114175602173615	0.0181262976208074	0.0415193714522965
"d__Bacteria; p__Actinobacteriota; c__Actinobacteria; o__Bifidobacteriales; f__Bifidobacteriaceae"	5.54778295652356e-05	7.87439805264073e-05	0.000153042258983126	0	5.66297837621433e-05	8.96761708354034e-05	3.63474152031325e-05	3.570695303643e-06
"d__Bacteria; p__Actinobacteriota; c__Actinobacteria; o__Corynebacteriales; f__Corynebacteriaceae"	0.000462680956084013	0.0180727369263206	0.0237459599396069	9.63180653081254e-05	0.00108245445129324	0.0134812562750187	0.0288805834637284	0.000186343122529132
"d__Bacteria; p__Actinobacteriota; c__Actinobacteria; o__Corynebacteriales; f__Nocardiaceae"	0	2.30176084704799e-05	0	0	0	0	0	1.24974335627505e-05
"d__Bacteria; p__Actinobacteriota; c__Actinobacteria; o__Frankiales; f__Sporichthyaceae"	0	1.16238521446007e-05	0	0	0	2.18323586744639e-05	0	0
"d__Bacteria; p__Actinobacteriota; c__Actinobacteria; o__Micrococcales; f__Dermatophilaceae"	0	0	0	0	0	0	0	0
"d__Bacteria; p__Actinobacteriota; c__Actinobacteria; o__Micrococcales; f__Intrasporangiaceae"	0	0	0	0	0	0	0	7.141390607286e-06
"d__Bacteria; p__Actinobacteriota; c__Actinobacteria; o__Micrococcales; f__Microbacteriaceae"	0	1.53450723136533e-05	0	0	0	0	0	8.9267382591075e-06
"d__Bacteria; p__Actinobacteriota; c__Actinobacteria; o__Micrococcales; f__Micrococcaceae"	0.00359398972647079	0.0124155447787336	0.0161822443466782	0.00375243831490315	0.00320547853362271	0.000595527640765571	0.00183227914380152	0.00165142565256641
"d__Bacteria; p__Actinobacteriota; c__Actinobacteria; o__Propionibacteriales; f__Propionibacteriaceae"	6.15914830373695e-05	0.00764217082565184	0.0107900234328026	6.25676193016142e-05	0.00016612800012318	0.00227844264545982	0.00338447106647522	8.96571523782266e-05
"d__Bacteria; p__Actinobacteriota; c__Coriobacteriia; o__Coriobacteriales; f__Atopobiaceae"	0.00222702655247738	0.00051626793402253	0.000280136277835917	0.00436630567921393	0.0014030854026365	0.000492747258820504	9.59582272109352e-05	0.00367702533203802
"d__Bacteria; p__Actinobacteriota; c__Coriobacteriia; o__Coriobacteriales; f__Eggerthellaceae"	0	1.28407665476957e-05	3.46428323979769e-06	5.69739700174483e-06	0	6.23781676413255e-06	0	0
"d__Bacteria; p__Actinobacteriota; c__Thermoleophilia; o__Gaiellales; f__uncultured"	0	0	0	0	0	0	0	0
"d__Bacteria; p__Armatimonadota; c__Armatimonadia; o__Armatimonadales; f__Armatimonadaceae"	0	0	0	0	0	9.35672514619883e-06	0	0
"d__Bacteria; p__Armatimonadota; c__Chthonomonadetes; o__Chthonomonadales; f__Chthonomonadales"	0	1.53450723136533e-05	0	0	0	0	0	0
"d__Bacteria; p__Armatimonadota; c__uncultured; o__uncultured; f__uncultured"	0	2.30176084704799e-05	0	0	0	0	0	0
"d__Bacteria; p__Bacteroidota; c__Bacteroidia; o__Bacteroidales; f__Bacteroidaceae"	3.51265344606701e-05	0.00116191906712366	0.000532922322419864	4.72937627446821e-05	5.89071255531747e-06	1.46961569549563e-05	1.13316052635306e-05	2.84225485551871e-05
"d__Bacteria; p__Bacteroidota; c__Bacteroidia; o__Bacteroidales; f__Bacteroidales_BS11_gut_group"	0	0	0	0	0	0	0	0
"d__Bacteria; p__Bacteroidota; c__Bacteroidia; o__Bacteroidales; f__Bacteroidales_Incertae_Sedis"	8.72278323883651e-05	0.000433953707601418	0.000212907784706169	0	9.59581008281705e-05	6.62031711740207e-05	8.63828204613738e-05	0
"d__Bacteria; p__Bacteroidota; c__Bacteroidia; o__Bacteroidales; f__Bacteroidales_RF16_group"	0	0.000115280760519046	2.9538130337899e-05	9.61492235950195e-06	0	0	0	9.92395767432052e-06
"d__Bacteria; p__Bacteroidota; c__Bacteroidia; o__Bacteroidales; f__Bacteroidales_UCG-001"	0	0	0	0	0	0	0	0
"d__Bacteria; p__Bacteroidota; c__Bacteroidia; o__Bacteroidales; f__Bacteroidetes_BD2-2"	0	0	0	0	0	0	0	0
"d__Bacteria; p__Bacteroidota; c__Bacteroidia; o__Bacteroidales; f__Bacteroidetes_vadinHA17"	0	0.000211209712816084	2.63762871961744e-05	0	0	0	0	0
"d__Bacteria; p__Bacteroidota; c__Bacteroidia; o__Bacteroidales; f__Barnesiellaceae"	0	0	0	0	0	0	0	0
"d__Bacteria; p__Bacteroidota; c__Bacteroidia; o__Bacteroidales; f__CAP-aah99b04"	0	0	0	0	0	0	0	0
"d__Bacteria; p__Bacteroidota; c__Bacteroidia; o__Bacteroidales; f__Dysgonomonadaceae"	0	0	0	0	0	0	0	8.74890638670166e-06
"d__Bacteria; p__Bacteroidota; c__Bacteroidia; o__Bacteroidales; f__F082"	0	0.000579621623568494	1.73873541465041e-05	0.000103872639828559	0	0	0	1.48302258071935e-05
"d__Bacteria; p__Bacteroidota; c__Bacteroidia; o__Bacteroidales; f__FTLpost3"	0	0	0	0	0	0	0	0
"d__Bacteria; p__Bacteroidota; c__Bacteroidia; o__Bacteroidales; f__gir-aah93h0"	0	0	0	0	0	0	0	0
"d__Bacteria; p__Bacteroidota; c__Bacteroidia; o__Bacteroidales; f__GZKB124"	0	2.30176084704799e-05	0	0	0	0	0	0
"d__Bacteria; p__Bacteroidota; c__Bacteroidia; o__Bacteroidales; f__M2PB4-65_termite_group"	0	3.06901446273066e-05	0	0	0	0	0	0
"d__Bacteria; p__Bacteroidota; c__Bacteroidia; o__Bacteroidales; f__Marinifilaceae"	4.77247237931611e-06	1.48984148789072e-05	0	4.89518544114259e-05	0	0	0	0
"d__Bacteria; p__Bacteroidota; c__Bacteroidia; o__Bacteroidales; f__Marinilabiliaceae"	0	0	0	0	0	0	0	0
"d__Bacteria; p__Bacteroidota; c__Bacteroidia; o__Bacteroidales; f__Muribaculaceae"	0	0.00129096676063932	8.69794657651912e-05	0.00332853397591237	5.17940152015435e-06	2.44935949249271e-05	7.42197647233458e-06	2.79650054754791e-05
"d__Bacteria; p__Bacteroidota; c__Bacteroidia; o__Bacteroidales; f__p-251-o5"	0	0	0	0	0	0	0	0
"d__Bacteria; p__Bacteroidota; c__Bacteroidia; o__Bacteroidales; f__Paludibacteraceae"	0.00121947707778306	0.00669284019185463	0.00330957808717286	0.000134481977882023	0.00234548826890727	0.0103572801740293	0.00763962874256191	0.000326682491797797
"d__Bacteria; p__Bacteroidota; c__Bacteroidia; o__Bacteroidales; f__Porphyromonadaceae"	0.0397497390165213	0.0227676236087819	0.0213807687853809	0.0205930636576467	0.0764034872269253	0.0454489328948015	0.0396637635515957	0.0283276621244188
"d__Bacteria; p__Bacteroidota; c__Bacteroidia; o__Bacteroidales; f__Prevotellaceae"	0.231015432807905	0.103248545839056	0.0771579857479552	0.236497900897834	0.200640196453139	0.25041393282018	0.140879309147122	0.264284771357733
"d__Bacteria; p__Bacteroidota; c__Bacteroidia; o__Bacteroidales; f__Prolixibacteraceae"	0	0.000583342843737546	1.96601632254925e-05	1.9157912441501e-05	0	0	0	0
"d__Bacteria; p__Bacteroidota; c__Bacteroidia; o__Bacteroidales; f__Rikenellaceae"	0.00034260557803463	0.00241478089572834	0.000711973906412763	0.000310890228467526	0.000304874478751018	0.000359041454572629	7.85000756541373e-05	3.07998667937932e-05
"d__Bacteria; p__Bacteroidota; c__Bacteroidia; o__Bacteroidales; f__Rs-E47_termite_group"	0	0	0	0.000302349689011748	0	0	0	0
"d__Bacteria; p__Bacteroidota; c__Bacteroidia; o__Bacteroidales; f__SB-5"	0	3.06901446273066e-05	0	0	0	0	0	0
"d__Bacteria; p__Bacteroidota; c__Bacteroidia; o__Bacteroidales; f__Tannerellaceae"	0.00266634897036705	0.00742381528103421	0.00800011200467558	0.00402717901127679	0.00335937723112778	0.02024998444771	0.0284231076796	0.00713599786724098
"d__Bacteria; p__Bacteroidota; c__Bacteroidia; o__Bacteroidales; f__uncultured"	0	0.000191889397277119	1.35649779741668e-05	2.16359556631944e-05	0	0	0	0
"d__Bacteria; p__Bacteroidota; c__Bacteroidia; o__Bacteroidales; f__Williamwhitmaniaceae"	0	2.30176084704799e-05	0	0	0	0	0	0
"d__Bacteria; p__Bacteroidota; c__Bacteroidia; o__Bacteroidetes_VC2.1_Bac22; f__Bacteroidetes_VC2.1_Bac22"	0	0	0	0	0	2.49512670565302e-05	0	0
"d__Bacteria; p__Bacteroidota; c__Bacteroidia; o__Chitinophagales; f__37-13"	0	0	0	0	0	0	0	0
"d__Bacteria; p__Bacteroidota; c__Bacteroidia; o__Chitinophagales; f__Chitinophagaceae"	0	3.83626807841332e-05	2.97296723365399e-05	0	0	0.000305653021442495	0	0
"d__Bacteria; p__Bacteroidota; c__Bacteroidia; o__Chitinophagales; f__Saprospiraceae"	0	7.98505867729008e-05	4.66130547564771e-05	1.44403352240167e-05	0	0	4.94798431488972e-06	2.21064266540344e-05
"d__Bacteria; p__Bacteroidota; c__Bacteroidia; o__Chitinophagales; f__uncultured"	0	4.23906953781478e-05	2.83139736538475e-06	0	0	0	0	0
"d__Bacteria; p__Bacteroidota; c__Bacteroidia; o__Cytophagales; f__Cyclobacteriaceae"	0	2.13915182630087e-05	1.45878804475595e-05	0	0	2.80701754385965e-05	0	0
"d__Bacteria; p__Bacteroidota; c__Bacteroidia; o__Cytophagales; f__Hymenobacteraceae"	0	0	0	0	0	0	0	6.24871678137525e-05
"d__Bacteria; p__Bacteroidota; c__Bacteroidia; o__Cytophagales; f__Microscillaceae"	0	0	0	0	0	0	0	2.18708308728649e-05
"d__Bacteria; p__Bacteroidota; c__Bacteroidia; o__Cytophagales; f__Spirosomaceae"	0	1.59401112327767e-05	2.83139736538475e-06	0	0	3.4307992202729e-05	0	0.000117832945020219
"d__Bacteria; p__Bacteroidota; c__Bacteroidia; o__Flavobacteriales; f__Crocinitomicaceae"	0	2.30176084704799e-05	0	3.70330805113414e-05	0	0.000162183235867446	0	0
"d__Bacteria; p__Bacteroidota; c__Bacteroidia; o__Flavobacteriales; f__Cryomorphaceae"	0	0	0	0	0	0	0	0
"d__Bacteria; p__Bacteroidota; c__Bacteroidia; o__Flavobacteriales; f__Flavobacteriaceae"	0.0158383160992657	0.0551883840037751	0.0658638010272897	0.00755944833005334	0.028816021552342	0.0672835343590781	0.104839320195796	0.0137484384267698
"d__Bacteria; p__Bacteroidota; c__Bacteroidia; o__Flavobacteriales; f__NS9_marine_group"	0	1.53450723136533e-05	1.28756055558238e-05	0	0	0	0	0
"d__Bacteria; p__Bacteroidota; c__Bacteroidia; o__Flavobacteriales; f__Schleiferiaceae"	0	0	0	0	0	0	0	0
"d__Bacteria; p__Bacteroidota; c__Bacteroidia; o__Flavobacteriales; f__Weeksellaceae"	0.00314791636102828	0.00744859517263539	0.00755251082899855	0.00184071142007359	0.00503385626246171	0.00441396707931035	0.00560115542352135	0.00152987660129221
"d__Bacteria; p__Bacteroidota; c__Bacteroidia; o__Sphingobacteriales; f__AKYH767"	0	0	0	0	0	0	0	0
"d__Bacteria; p__Bacteroidota; c__Bacteroidia; o__Sphingobacteriales; f__env.OPS_17"	0	0	0	0	0	6.23781676413255e-05	0	0
"d__Bacteria; p__Bacteroidota; c__Bacteroidia; o__Sphingobacteriales; f__KD3-93"	0	0	0	0	0	2.18323586744639e-05	0	0
"d__Bacteria; p__Bacteroidota; c__Bacteroidia; o__Sphingobacteriales; f__Lentimicrobiaceae"	0.00143813447530762	0.00367183522322644	0.00266608339278969	0.000111693868759184	0.000730479740106403	0.00175587660526624	0.000504348142353238	3.51884452789313e-05
"d__Bacteria; p__Bacteroidota; c__Bacteroidia; o__Sphingobacteriales; f__LiUU-11-161"	0	0	0	0	0	1.24756335282651e-05	0	0
"d__Bacteria; p__Bacteroidota; c__Bacteroidia; o__Sphingobacteriales; f__NS11-12_marine_group"	0	7.74923476306715e-06	0	8.54609550261724e-06	0	5.30214424951267e-05	0	0
"d__Bacteria; p__Bacteroidota; c__Bacteroidia; o__Sphingobacteriales; f__Sphingobacteriaceae"	0	8.4397897725093e-05	0	0	0	0	0	3.03509100809655e-05
"d__Bacteria; p__Bacteroidota; c__Bacteroidia; o__Sphingobacteriales; f__ST-12K33"	0	0	7.07849341346188e-06	0	0	0	0	0
"d__Bacteria; p__Bacteroidota; c__Chlorobia; o__Chlorobiales; f__Chlorobiaceae"	0	0.00207165032394957	4.46494092719333e-05	8.70852564660803e-06	0	1.46961569549563e-05	0	0
"d__Bacteria; p__Bacteroidota; c__Ignavibacteria; o__Ignavibacteriales; f__PHOS-HE36"	0	0	0	1.13947940034897e-05	0	0	0	0
"d__Bacteria; p__Bacteroidota; c__Kapabacteria; o__Kapabacteriales; f__Kapabacteriales"	0	0	2.60043977236264e-05	0	0	8.73294346978557e-05	0	0
"d__Bacteria; p__Bacteroidota; c__Kryptonia; o__Kryptoniales; f__BSV26"	0	0	0	0	0	0	0	0
"d__Bacteria; p__Bacteroidota; c__Kryptonia; o__Kryptoniales; f__MSB-3C8"	0	6.13802892546131e-05	0	0	0	0	0	0
"d__Bacteria; p__Bacteroidota; c__Rhodothermia; o__Balneolales; f__Balneolaceae"	0	0	0	0	0	0	0	0
"d__Bacteria; p__Bacteroidota; c__Rhodothermia; o__Rhodothermales; f__Rhodothermaceae"	0	0	1.54736483768143e-05	0	0	0	0	6.27529729220922e-06
"d__Bacteria; p__Bacteroidota; c__SJA-28; o__SJA-28; f__SJA-28"	0	2.30176084704799e-05	6.18945935072571e-06	0	0	0	0	0
"d__Bacteria; p__Bdellovibrionota; c__Bdellovibrionia; o__Bacteriovoracales; f__Bacteriovoracaceae"	0	0	0	0	0	0	0	0
"d__Bacteria; p__Bdellovibrionota; c__Bdellovibrionia; o__Bdellovibrionales; f__Bdellovibrionaceae"	0	0	0	0	0	0	0	0
"d__Bacteria; p__Bdellovibrionota; c__Oligoflexia; o__Oligoflexales; f__uncultured"	0	0	0	0	0	0	0	0
"d__Bacteria; p__Calditrichota; c__Calditrichia; o__Calditrichales; f__Calditrichaceae"	0	1.53450723136533e-05	0	0	0	9.35672514619883e-06	0	0
"d__Bacteria; p__Campilobacterota; c__Campylobacteria; o__Campylobacterales; f__Campylobacteraceae"	0.00120921231289517	0.00171651374729007	0.00152775325022311	0.00188018361873559	0.00127829587809477	0.00264328157023142	0.0020470066262132	0.0020566205053392
"d__Bacteria; p__Campilobacterota; c__Campylobacteria; o__Campylobacterales; f__Helicobacteraceae"	4.47322217376232e-06	0	0	0	0	0	0	0
"d__Bacteria; p__Campilobacterota; c__Campylobacteria; o__Campylobacterales; f__Sulfurimonadaceae"	0	3.83626807841332e-05	0	0	0	0	0	0
"d__Bacteria; p__Chloroflexi; c__Anaerolineae; o__Anaerolineales; f__Anaerolineaceae"	1.70175192227164e-05	0.000277258650636483	7.3983495404127e-05	0	1.27392592120768e-05	1.33136291621733e-05	0	0
"d__Bacteria; p__Chloroflexi; c__Anaerolineae; o__RBG-13-54-9; f__RBG-13-54-9"	0	0	0	0	0	0	0	0
"d__Bacteria; p__Chloroflexi; c__Anaerolineae; o__SBR1031; f__A4b"	0	0	0	0	0	0	0	0
"d__Bacteria; p__Chloroflexi; c__Chloroflexia; o__Thermomicrobiales; f__JG30-KF-CM45"	0	2.6968924458254e-05	0	0	0	0	0	0
"d__Bacteria; p__Chloroflexi; c__Dehalococcoidia; o__Dehalococcoidales; f__uncultured"	0	0	0	0	0	0	0	0
"d__Bacteria; p__Cloacimonadota; c__Cloacimonadia; o__Cloacimonadales; f__Cloacimonadaceae"	0	2.48034327950988e-06	0	0	0	0	0	0
"d__Bacteria; p__Cloacimonadota; c__Cloacimonadia; o__Cloacimonadales; f__Cloacimonadales"	0	0	0	0	0	0	0	0
"d__Bacteria; p__Cloacimonadota; c__Cloacimonadia; o__Cloacimonadales; f__PBS-18"	0	0	0	0	0	0	0	0
"d__Bacteria; p__Cloacimonadota; c__Cloacimonadia; o__Cloacimonadales; f__SHA-4"	0	5.37077530977865e-05	0	2.24348188388379e-05	0	0	0	0
"d__Bacteria; p__Cyanobacteria; c__Cyanobacteriia; o__Chloroplast; f__Chloroplast"	1.30821559392988e-05	0.000751440581181561	0.000147695518854114	0.000110034944573275	1.56068631180562e-05	5.83608743038842e-05	0	0.000363452541143931
"d__Bacteria; p__Cyanobacteria; c__Cyanobacteriia; o__Cyanobacteriales; f__uncultured"	0	0	0	6.42430958747902e-06	0	0	0	0
"d__Bacteria; p__Cyanobacteria; c__Cyanobacteriia; o__Cyanobacteriales; f__Xenococcaceae"	0	6.41745547890261e-06	0	0	0	0	0	0
"d__Bacteria; p__Cyanobacteria; c__Cyanobacteriia; o__Limnotrichales; f__Limnotrichaceae"	0	0	0	0	0	0	0	0
"d__Bacteria; p__Cyanobacteria; c__Cyanobacteriia; o__Phormidesmiales; f__Phormidesmiaceae"	0	0	2.166310772754e-05	8.03038698434878e-06	0	0	0	0
"d__Bacteria; p__Cyanobacteria; c__Cyanobacteriia; o__Pseudanabaenales; f__Pseudanabaenaceae"	0	5.38611503102675e-05	1.93134083337357e-05	0	0	0	0	0
"d__Bacteria; p__Cyanobacteria; c__Cyanobacteriia; o__Synechococcales; f__Cyanobiaceae"	0	0.000552059013262171	3.91926317852244e-05	1.16113675288107e-05	0	5.92592592592593e-05	0	0
"d__Bacteria; p__Cyanobacteria; c__Vampirivibrionia; o__Gastranaerophilales; f__Gastranaerophilales"	9.40822278671559e-06	0.000853434494704912	2.48204278511365e-05	3.95222184688605e-05	0	9.79743796997085e-06	2.2028736486747e-06	1.57903047528817e-05
"d__Bacteria; p__Cyanobacteria; c__Vampirivibrionia; o__Obscuribacterales; f__Obscuribacteraceae"	0	1.16238521446007e-05	0	0	0	0	0	0
"d__Bacteria; p__Dadabacteria; c__Dadabacteriia; o__Dadabacteriales; f__Dadabacteriales"	0	4.27830365260174e-06	0	0	0	0	0	0
"d__Bacteria; p__Deferribacterota; c__Deferribacteres; o__Deferribacterales; f__Deferribacteraceae"	0	8.55660730520349e-06	0	0	0	0	0	0
"d__Bacteria; p__Deinococcota; c__Deinococci; o__Deinococcales; f__Deinococcaceae"	0	0	0	0	0	0	0	1.0712085910929e-05
"d__Bacteria; p__Deinococcota; c__Deinococci; o__Deinococcales; f__Trueperaceae"	0	0	0	0	0	0	0	0
"d__Bacteria; p__Dependentiae; c__Babeliae; o__Babeliales; f__Babeliales"	0	0	0	0	0	0	0	0
"d__Bacteria; p__Desulfobacterota; c__Desulfarculia; o__Desulfarculales; f__Desulfarculaceae"	0	3.83626807841332e-05	0	0	0	0	0	0
"d__Bacteria; p__Desulfobacterota; c__Desulfobacteria; o__Desulfobacterales; f__Desulfobacteraceae"	0	0.00184731780155093	0.000119655603344659	5.34905598516691e-05	5.17940152015435e-06	0	1.66500166500167e-05	1.30167485870074e-05
"d__Bacteria; p__Desulfobacterota; c__Desulfobacteria; o__Desulfobacterales; f__Desulfobacterales"	0	0	0	0	0	0	0	0
"d__Bacteria; p__Desulfobacterota; c__Desulfobacteria; o__Desulfobacterales; f__Desulfococcaceae"	0	0.000107415506195573	0	4.27304775130862e-06	0	0	0	0
"d__Bacteria; p__Desulfobacterota; c__Desulfobacteria; o__Desulfobacterales; f__Desulfosarcinaceae"	0	0.000122071855690102	0	0	0	0	0	0
"d__Bacteria; p__Desulfobacterota; c__Desulfobulbia; o__Desulfobulbales; f__Desulfobulbaceae"	0	0.000332782921013931	9.76260410652513e-05	0	0	7.55287009063444e-06	1.10837711422935e-05	2.21064266540344e-05
"d__Bacteria; p__Desulfobacterota; c__Desulfobulbia; o__Desulfobulbales; f__Desulfocapsaceae"	0	8.13159034587162e-06	3.71367561043543e-05	0	0	0	0	3.36284227429023e-06
"d__Bacteria; p__Desulfobacterota; c__Desulfobulbia; o__Desulfobulbales; f__Desulfurivibrionaceae"	0	1.54984695261343e-05	0	0	0	0	0	0
"d__Bacteria; p__Desulfobacterota; c__Desulfomonilia; o__Desulfomonilales; f__Desulfomonilaceae"	0	3.83626807841332e-05	0	0	0	9.79743796997085e-06	0	0
"d__Bacteria; p__Desulfobacterota; c__Desulfovibrionia; o__Desulfovibrionales; f__Desulfomicrobiaceae"	0	0.000549006317185165	4.36987305958593e-05	2.03198931754187e-05	0	2.44935949249271e-05	0	0
"d__Bacteria; p__Desulfobacterota; c__Desulfovibrionia; o__Desulfovibrionales; f__Desulfovibrionaceae"	0.000193873089399562	0.000942332270630453	0.00037756250391317	1.99435784367843e-05	2.20761100758781e-05	0.000190406527610731	2.32498777108995e-05	1.89483657034581e-05
"d__Bacteria; p__Desulfobacterota; c__Desulfuromonadia; o__Desulfuromonadia; f__Desulfuromonadaceae"	0	0	9.28418902608857e-06	0	0	0	0	0
"d__Bacteria; p__Desulfobacterota; c__Desulfuromonadia; o__Desulfuromonadia; f__Syntrophotaleaceae"	0	0	0	0	0	0	0	0
"d__Bacteria; p__Desulfobacterota; c__Desulfuromonadia; o__Geobacterales; f__Geobacteraceae"	0	0.000319213397504988	4.34054205202973e-05	4.81823219060926e-06	0	0	0	1.15230605248754e-05
"d__Bacteria; p__Desulfobacterota; c__Desulfuromonadia; o__Sva1033; f__Sva1033"	0	0	0	0	0	0	0	0
"d__Bacteria; p__Desulfobacterota; c__Syntrophia; o__Syntrophales; f__Smithellaceae"	0	0	0	0	0	0	0	0
"d__Bacteria; p__Desulfobacterota; c__Syntrophia; o__Syntrophales; f__Syntrophaceae"	0	0	0	0	0	0	0	0
"d__Bacteria; p__Desulfobacterota; c__Syntrophobacteria; o__Syntrophobacterales; f__Syntrophobacteraceae"	0	0.00012910238608293	6.18945935072571e-06	0	0	0	0	0
"d__Bacteria; p__Desulfobacterota; c__Syntrophorhabdia; o__Syntrophorhabdales; f__Syntrophorhabdaceae"	0	5.37077530977865e-05	0	8.70852564660803e-06	0	0	0	0
"d__Bacteria; p__Elusimicrobiota; c__Elusimicrobia; o__Elusimicrobiales; f__Elusimicrobiaceae"	0	1.53450723136533e-05	0	0	0	0	0	0
"d__Bacteria; p__Elusimicrobiota; c__Endomicrobia; o__Endomicrobiales; f__Endomicrobiaceae"	0	3.08941490872199e-05	0	0	0	0	0	0
"d__Bacteria; p__Elusimicrobiota; c__Lineage_IIb; o__Lineage_IIb; f__Lineage_IIb"	0	4.27830365260174e-06	0	0	0	0	0	0
"d__Bacteria; p__Fibrobacterota; c__Fibrobacteria; o__Fibrobacterales; f__B122"	0	0	0	0	0	0	0	0
"d__Bacteria; p__Firmicutes; c__Bacilli; o__Acholeplasmatales; f__Acholeplasmataceae"	0	0.000283883837802586	0	1.43359595449376e-05	0	0	0	0
"d__Bacteria; p__Firmicutes; c__Bacilli; o__Bacillales; f__Bacillaceae"	0	0.000368281735527679	0	1.15180833909237e-05	7.64035328993613e-05	9.35672514619883e-06	1.10143682433735e-05	0
"d__Bacteria; p__Firmicutes; c__Bacilli; o__Bacillales; f__Planococcaceae"	0	9.97429700387463e-05	0	1.45142094110134e-05	0	0	0	9.92395767432052e-06
"d__Bacteria; p__Firmicutes; c__Bacilli; o__Erysipelotrichales; f__Erysipelatoclostridiaceae"	4.34191675291239e-05	0.000223847179101844	1.26163634233601e-05	2.84869850087241e-06	2.47547812296673e-05	1.33136291621733e-05	9.22296518330643e-06	8.74890638670166e-06
"d__Bacteria; p__Firmicutes; c__Bacilli; o__Erysipelotrichales; f__Erysipelotrichaceae"	2.50885940979082e-05	0.000122913975721707	3.41259075358535e-06	1.28198964793359e-05	5.17940152015435e-06	0	0	9.53957448360398e-06
"d__Bacteria; p__Firmicutes; c__Bacilli; o__Erysipelotrichales; f__uncultured"	0	4.90677142908881e-05	0	0	0	0	0	0
"d__Bacteria; p__Firmicutes; c__Bacilli; o__Izemoplasmatales; f__Izemoplasmatales"	4.05910050332846e-06	8.4397897725093e-05	6.4378027779119e-06	0	0	0	0	0
"d__Bacteria; p__Firmicutes; c__Bacilli; o__Lactobacillales; f__Aerococcaceae"	0.000433451771452847	0.00205008108214348	0.00157768808718564	0	0.001918820497593	0.000994769839427153	0.00207925422714697	7.51823418181568e-05
"d__Bacteria; p__Firmicutes; c__Bacilli; o__Lactobacillales; f__Carnobacteriaceae"	0.0129716895614783	0.0105436507680927	0.0120713997010133	0.0173367991500117	0.0109900148704694	0.00253381803970495	0.00357861632144958	0.0109521790206583
"d__Bacteria; p__Firmicutes; c__Bacilli; o__Lactobacillales; f__Enterococcaceae"	0	0.000288218646821562	0	0	0	0	0	0
"d__Bacteria; p__Firmicutes; c__Bacilli; o__Lactobacillales; f__Lactobacillaceae"	9.40822278671559e-06	0.00190278896689301	0	5.18313752591569e-05	3.20894838177317e-05	0	0	0
"d__Bacteria; p__Firmicutes; c__Bacilli; o__Lactobacillales; f__Listeriaceae"	0	0	0	0	0	0	0	0
"d__Bacteria; p__Firmicutes; c__Bacilli; o__Lactobacillales; f__P5D1-392"	0	0	0	0	0	0	0	0
"d__Bacteria; p__Firmicutes; c__Bacilli; o__Lactobacillales; f__Streptococcaceae"	0.103260303722337	0.178913443043007	0.1793704760367	0.109530805295285	0.10255834799314	0.0392565562675721	0.0620745593556091	0.0764244464059802
"d__Bacteria; p__Firmicutes; c__Bacilli; o__Mycoplasmatales; f__Mycoplasmataceae"	0.000133073806681072	0.000113302837995022	3.83177036738038e-05	5.51515185127105e-06	2.6411500206949e-05	0	0	0
"d__Bacteria; p__Firmicutes; c__Bacilli; o__Paenibacillales; f__Paenibacillaceae"	0	3.17090378685185e-06	0	0	0	0	0	0
"d__Bacteria; p__Firmicutes; c__Bacilli; o__RF39; f__RF39"	0.00152644384174131	0.00030913363515339	0.000266504069361035	0.00124484842354408	0.00151718108171605	0.000583763276682911	0.000313337990627607	0.000822527103298693
"d__Bacteria; p__Firmicutes; c__Bacilli; o__Staphylococcales; f__Gemellaceae"	0.0048823594942137	0.00400222233656419	0.00349376414210956	0.00198829579307183	0.00594186587066627	0.00457962533823667	0.00429103943541694	0.00205084423959794
"d__Bacteria; p__Firmicutes; c__Bacilli; o__Staphylococcales; f__Staphylococcaceae"	9.76657876745776e-06	6.93075487217427e-05	0	6.57607096527047e-05	0	0	0	2.2596681375448e-05
"d__Bacteria; p__Firmicutes; c__BRH-c20a; o__BRH-c20a; f__BRH-c20a"	0	6.90528254114397e-05	3.71367561043543e-05	0	0	0	0	0
"d__Bacteria; p__Firmicutes; c__Clostridia; o__Christensenellales; f__Christensenellaceae"	0	0.000902174936580174	5.63909034713161e-05	1.29274300165864e-05	0	0	0	1.57903047528817e-05
"d__Bacteria; p__Firmicutes; c__Clostridia; o__Clostridia_UCG-014; f__Clostridia_UCG-014"	0.00393098459069731	0.00126157063430666	0.000963998673488757	0.00632530515525652	0.00425307707549457	0.00391008747924131	0.00534578905694535	0.00432625555603808
"d__Bacteria; p__Firmicutes; c__Clostridia; o__Clostridia_vadinBB60_group; f__Clostridia_vadinBB60_group"	7.82813880408405e-05	0.000692016847685116	5.14924338345579e-05	0.000770088527930896	1.91088888181152e-05	4.26036133189546e-05	0	3.33845273923474e-05
"d__Bacteria; p__Firmicutes; c__Clostridia; o__Clostridia; f__Hungateiclostridiaceae"	0	0	0	0	0	0	0	0
"d__Bacteria; p__Firmicutes; c__Clostridia; o__Clostridiales; f__Clostridiaceae"	0	6.13802892546131e-05	3.40420264289914e-05	1.28191432539259e-05	0	0	0	1.31224985237189e-05
"d__Bacteria; p__Firmicutes; c__Clostridia; o__Eubacteriales; f__Eubacteriaceae"	0	3.0650872230146e-05	4.24709604807713e-06	0	0	0	0	0
"d__Bacteria; p__Firmicutes; c__Clostridia; o__Lachnospirales; f__Defluviitaleaceae"	0.000241666502447931	0.000359672207025846	0.000350757156788611	2.77081458536603e-05	0.000250175079242475	0.000333196226993103	0.000113776726858389	6.24089487300261e-05
"d__Bacteria; p__Firmicutes; c__Clostridia; o__Lachnospirales; f__Lachnospiraceae"	0.0220553287004408	0.0228403566594704	0.0232867430377491	0.0660948362637628	0.0215183953171322	0.038779231107061	0.0398122805919606	0.0727663413152134
"d__Bacteria; p__Firmicutes; c__Clostridia; o__Monoglobales; f__Monoglobaceae"	0	0.000107415506195573	3.05113031295141e-05	0	0	0	0	0
"d__Bacteria; p__Firmicutes; c__Clostridia; o__Oscillospirales; f__[Eubacterium]_coprostanoligenes_group"	4.47322217376232e-06	0.000191890102526906	2.80266606558861e-05	7.48675420410044e-05	4.24641973735894e-06	0	0	1.31233595800525e-05
"d__Bacteria; p__Firmicutes; c__Clostridia; o__Oscillospirales; f__Butyricicoccaceae"	0	4.60352169409598e-05	0	0	0	0	0	0
"d__Bacteria; p__Firmicutes; c__Clostridia; o__Oscillospirales; f__Oscillospiraceae"	2.93136931589169e-06	0.00218040350653656	0.000192749952154256	0.000926894127689811	0	2.58351154623358e-05	2.77500277500278e-05	8.62187996795657e-05
"d__Bacteria; p__Firmicutes; c__Clostridia; o__Oscillospirales; f__Ruminococcaceae"	1.10985755210724e-05	0.00174399462889291	6.77119065667487e-05	0.000140124379010149	5.17940152015435e-06	0	2.9545941466624e-05	5.36870361597979e-05
"d__Bacteria; p__Firmicutes; c__Clostridia; o__Oscillospirales; f__UCG-010"	6.27214852447706e-06	0.000177068296882812	0.000121796992629251	8.74267380899113e-05	0	0	1.11000111000111e-05	1.24872148110182e-05
"d__Bacteria; p__Firmicutes; c__Clostridia; o__Oscillospirales; f__UCG-011"	0	0	0	6.30286528255745e-06	0	0	0	0
"d__Bacteria; p__Firmicutes; c__Clostridia; o__Oscillospirales; f__uncultured"	0	5.37077530977865e-05	9.28418902608857e-06	0	0	0	0	0
"d__Bacteria; p__Firmicutes; c__Clostridia; o__Peptococcales; f__Peptococcaceae"	0.000412917638013596	0.000675772587719052	0.000635232357746828	0.000890787631827471	0.00040637486795744	0.000916830903913976	0.000510044726683767	0.000577544485281011
"d__Bacteria; p__Firmicutes; c__Clostridia; o__Peptostreptococcales-Tissierellales; f__Anaerovoracaceae"	0.00281686184365953	0.0016000185635779	0.00142146309112952	0.00276770685921026	0.0021053477856711	0.00267165165930891	0.000761502455329776	0.00231083682932746
"d__Bacteria; p__Firmicutes; c__Clostridia; o__Peptostreptococcales-Tissierellales; f__Fusibacteraceae"	0	4.27830365260174e-06	0	0	0	0	0	0
"d__Bacteria; p__Firmicutes; c__Clostridia; o__Peptostreptococcales-Tissierellales; f__Peptostreptococcaceae"	0.00188782260408079	0.00433103617497827	0.00460670521737953	0.00355563306157976	0.00148947755227103	0.00618159266094774	0.00288262528274327	0.00262771244136737
"d__Bacteria; p__Firmicutes; c__Clostridia; o__Peptostreptococcales-Tissierellales; f__Peptostreptococcales-Tissierellales"	0.00100770869835572	0.00294362217633461	0.00235818702924189	0.00120878181900426	0.00152668516622028	0.00413133691172709	0.000922699690754675	0.00136419567353091
"d__Bacteria; p__Firmicutes; c__Desulfitobacteriia; o__Desulfitobacteriales; f__Desulfitobacteriaceae"	0	0	0	0	0	0	0	0
"d__Bacteria; p__Firmicutes; c__Negativicutes; o__Acidaminococcales; f__Acidaminococcaceae"	0	0	6.50068298364519e-05	8.54609550261724e-06	0	0	0	1.74966646982919e-05
"d__Bacteria; p__Firmicutes; c__Negativicutes; o__Veillonellales-Selenomonadales; f__Selenomonadaceae"	0.00757962280905866	0.0365785285073694	0.0287337147017301	0.0106197340749307	0.0106654352802887	0.0797230441593044	0.0466082093995789	0.0130050330735624
"d__Bacteria; p__Firmicutes; c__Negativicutes; o__Veillonellales-Selenomonadales; f__Sporomusaceae"	0	3.83626807841332e-05	0	0	0	0	0	0
"d__Bacteria; p__Firmicutes; c__Negativicutes; o__Veillonellales-Selenomonadales; f__Veillonellaceae"	0.240113383348397	0.0694954108629435	0.0747180481675859	0.19869569581266	0.238085597603546	0.059995888858499	0.10927362515786	0.199993061329604
"d__Bacteria; p__Firmicutes; c__Syntrophomonadia; o__Syntrophomonadales; f__Syntrophomonadaceae"	0	0	0	0	0	0	0	0
"d__Bacteria; p__Fusobacteriota; c__Fusobacteriia; o__Fusobacteriales; f__Fusobacteriaceae"	0.0774782395320397	0.0856503655158499	0.0746696920052403	0.0835345673265451	0.0797545250061242	0.173825841798802	0.128664130704008	0.110519742872658
"d__Bacteria; p__Fusobacteriota; c__Fusobacteriia; o__Fusobacteriales; f__Leptotrichiaceae"	0.0197651760147899	0.0198622229317887	0.0249567763820388	0.0305685720231965	0.0161871427797599	0.0408842891935749	0.0599109208576436	0.0368156070774617
"d__Bacteria; p__Gemmatimonadota; c__BD2-11_terrestrial_group; o__BD2-11_terrestrial_group; f__BD2-11_terrestrial_group"	0	1.92523664367078e-05	5.6627947307695e-06	0	0	0	0	0
"d__Bacteria; p__Gemmatimonadota; c__Gemmatimonadetes; o__Gemmatimonadales; f__Gemmatimonadaceae"	0	0	0	0	0	0	0	0
"d__Bacteria; p__Gemmatimonadota; c__PAUC43f_marine_benthic_group; o__PAUC43f_marine_benthic_group; f__PAUC43f_marine_benthic_group"	0	0	0	0	0	0	0	0
"d__Bacteria; p__Hydrogenedentes; c__Hydrogenedentia; o__Hydrogenedentiales; f__Hydrogenedensaceae"	0	0	6.18945935072571e-06	0	0	0	0	0
"d__Bacteria; p__Latescibacterota; c__Latescibacteria; o__Latescibacterales; f__Latescibacteraceae"	0	0	9.65670416686785e-06	0	0	0	0	0
"d__Bacteria; p__Latescibacterota; c__Latescibacterota; o__Latescibacterota; f__Latescibacterota"	0	0.000142897016094311	3.28610025233184e-05	0	0	0	0	0
"d__Bacteria; p__Marinimicrobia_(SAR406_clade); c__Marinimicrobia_(SAR406_clade); o__Marinimicrobia_(SAR406_clade); f__Marinimicrobia_(SAR406_clade)"	0	8.4397897725093e-05	0	1.16113675288107e-05	0	0	0	0
"d__Bacteria; p__MBNT15; c__MBNT15; o__MBNT15; f__MBNT15"	0	4.60352169409598e-05	0	0	0	0	0	0
"d__Bacteria; p__Myxococcota; c__bacteriap25; o__bacteriap25; f__bacteriap25"	0	0	9.65670416686785e-06	0	0	0	0	0
"d__Bacteria; p__Myxococcota; c__Myxococcia; o__Myxococcales; f__Myxococcaceae"	0	6.42302010405293e-06	0	0	0	0	0	0
"d__Bacteria; p__Myxococcota; c__Polyangia; o__mle1-27; f__mle1-27"	0	0	1.27412881442314e-05	0	0	0	0	0
"d__Bacteria; p__NB1-j; c__NB1-j; o__NB1-j; f__NB1-j"	0	1.28349109578052e-05	0	0	0	4.77230156173569e-06	0	1.57903047528817e-05
"d__Bacteria; p__Nitrospinota; c__Nitrospinia; o__Nitrospinales; f__Nitrospinaceae"	0	1.06957591315044e-05	0	0	0	0	0	0
"d__Bacteria; p__Nitrospirota; c__Nitrospiria; o__Nitrospirales; f__Nitrospiraceae"	0	0	0	0	0	0	0	1.89483657034581e-05
"d__Bacteria; p__Nitrospirota; c__Thermodesulfovibrionia; o__uncultured; f__uncultured"	0	0	8.3984210968338e-06	0	0	0	0	0
"d__Bacteria; p__Patescibacteria; c__Gracilibacteria; o__Absconditabacteriales_(SR1); f__Absconditabacteriales_(SR1)"	0.000290967157788472	8.59604997115503e-05	8.05942258988457e-05	0.000200988236251453	0.000567433914093505	0.000400365125673967	0.00031355903208672	0.000212673170338627
"d__Bacteria; p__Patescibacteria; c__Gracilibacteria; o__Gracilibacteria; f__Gracilibacteria"	2.01694730633803e-05	4.15613848256858e-05	6.69457345130814e-05	0	0	1.30234242243936e-05	3.28977005039943e-05	0
"d__Bacteria; p__Patescibacteria; c__Gracilibacteria; o__JGI_0000069-P22; f__JGI_0000069-P22"	0	8.4168504484825e-05	0.000145882677728979	5.0224755782125e-06	8.710504776934e-05	0.000256559411674827	0.000396839340256484	2.5559446501126e-05
"d__Bacteria; p__Patescibacteria; c__Saccharimonadia; o__Saccharimonadales; f__Saccharimonadaceae"	0	0	8.3984210968338e-06	0	0	5.32545166486933e-06	0	0
"d__Bacteria; p__Patescibacteria; c__Saccharimonadia; o__Saccharimonadales; f__Saccharimonadales"	0	0	0	0	0	0	0	0
"d__Bacteria; p__PAUC34f; c__PAUC34f; o__PAUC34f; f__PAUC34f"	0	0	0	0	0	0	0	0
"d__Bacteria; p__Planctomycetota; c__BD7-11; o__BD7-11; f__BD7-11"	0	0	0	0	0	0	4.94798431488972e-06	0
"d__Bacteria; p__Planctomycetota; c__OM190; o__OM190; f__OM190"	0	0	0	1.98339226291564e-05	0	0	0	3.47386704563398e-05
"d__Bacteria; p__Planctomycetota; c__Phycisphaerae; o__CCM11a; f__CCM11a"	0	0	0	0	0	0	0	0
"d__Bacteria; p__Planctomycetota; c__Phycisphaerae; o__MSBL9; f__4572-13"	0	0	0	0	0	0	0	0
"d__Bacteria; p__Planctomycetota; c__Phycisphaerae; o__MSBL9; f__SG8-4"	0	0	0	0	0	0	0	0
"d__Bacteria; p__Planctomycetota; c__Phycisphaerae; o__Phycisphaerales; f__Phycisphaeraceae"	0	4.13859037588109e-05	0	0	0	0	0	0
"d__Bacteria; p__Planctomycetota; c__Pla3_lineage; o__Pla3_lineage; f__Pla3_lineage"	0	0	0	0	0	0	0	0
"d__Bacteria; p__Planctomycetota; c__Planctomycetes; o__Gemmatales; f__Gemmataceae"	0	0	0	0	0	3.11890838206628e-05	0	0
"d__Bacteria; p__Planctomycetota; c__Planctomycetes; o__Isosphaerales; f__Isosphaeraceae"	0	0	0	0	0	0	0	8.9267382591075e-06
"d__Bacteria; p__Planctomycetota; c__Planctomycetes; o__Pirellulales; f__Pirellulaceae"	0	0.000114355297668556	1.66694449074846e-05	2.21331371813465e-05	0	9.79743796997085e-06	0	9.47418285172904e-06
"d__Bacteria; p__Planctomycetota; c__Planctomycetes; o__Planctomycetales; f__Gimesiaceae"	0	1.06957591315044e-05	5.55648163582819e-06	0	0	0	0	0
"d__Bacteria; p__Planctomycetota; c__Planctomycetes; o__Planctomycetales; f__Rubinisphaeraceae"	0	6.41745547890261e-06	0	2.70626357582879e-05	0	1.24756335282651e-05	0	0
"d__Bacteria; p__Planctomycetota; c__Planctomycetes; o__Planctomycetales; f__uncultured"	0	2.60408314451576e-05	0	0	0	0	0	0
"d__Bacteria; p__Planctomycetota; c__vadinHA49; o__vadinHA49; f__vadinHA49"	0	2.01804594498042e-05	0	0	0	0	0	0
"d__Bacteria; p__Proteobacteria; c__Alphaproteobacteria; o__Acetobacterales; f__Acetobacteraceae"	0	4.63695837488652e-05	0	0	0	0	9.24872598799515e-06	2.9191488446446e-05
"d__Bacteria; p__Proteobacteria; c__Alphaproteobacteria; o__Caulobacterales; f__Caulobacteraceae"	0	7.74923476306715e-06	0	0	0	0	0	5.3560429554645e-06
"d__Bacteria; p__Proteobacteria; c__Alphaproteobacteria; o__Caulobacterales; f__Hyphomonadaceae"	0	4.60352169409598e-05	1.81508962630221e-05	4.9255017854944e-06	0	0	0	2.38127865994446e-05
"d__Bacteria; p__Proteobacteria; c__Alphaproteobacteria; o__Caulobacterales; f__uncultured"	0	0	0	0	0	0	0	0
"d__Bacteria; p__Proteobacteria; c__Alphaproteobacteria; o__Defluviicoccales; f__uncultured"	0	0	0	0	0	0	0	0
"d__Bacteria; p__Proteobacteria; c__Alphaproteobacteria; o__Kiloniellales; f__Kiloniellaceae"	0	8.55660730520349e-06	2.08545989626462e-05	3.21215479373951e-06	0	0	0	9.47418285172904e-06
"d__Bacteria; p__Proteobacteria; c__Alphaproteobacteria; o__Kordiimonadales; f__uncultured"	0	2.30176084704799e-05	0	0	0	0	0	0
"d__Bacteria; p__Proteobacteria; c__Alphaproteobacteria; o__Micavibrionales; f__Micavibrionaceae"	0	0	0	0	0	0	0	0
"d__Bacteria; p__Proteobacteria; c__Alphaproteobacteria; o__Micavibrionales; f__uncultured"	0	0	0	0	0	0	0	0
"d__Bacteria; p__Proteobacteria; c__Alphaproteobacteria; o__Parvibaculales; f__OCS116_clade"	0	7.67253615682664e-05	0	0	0	0	0	0
"d__Bacteria; p__Proteobacteria; c__Alphaproteobacteria; o__Puniceispirillales; f__Puniceispirillales"	0	0	0	0	0	0	0	0
"d__Bacteria; p__Proteobacteria; c__Alphaproteobacteria; o__Puniceispirillales; f__SAR116_clade"	0	3.83626807841332e-05	0	0	0	0	0	0
"d__Bacteria; p__Proteobacteria; c__Alphaproteobacteria; o__Rhizobiales; f__Beijerinckiaceae"	0	1.53450723136533e-05	0	0	0	0	0	6.4272515465574e-05
"d__Bacteria; p__Proteobacteria; c__Alphaproteobacteria; o__Rhizobiales; f__Devosiaceae"	0	0	0	0	0	0	0	0
"d__Bacteria; p__Proteobacteria; c__Alphaproteobacteria; o__Rhizobiales; f__Hyphomicrobiaceae"	0	0	0	0	0	0	0	0
"d__Bacteria; p__Proteobacteria; c__Alphaproteobacteria; o__Rhizobiales; f__KF-JG30-B3"	0	0	0	0	0	0	0	0
"d__Bacteria; p__Proteobacteria; c__Alphaproteobacteria; o__Rhizobiales; f__Methyloligellaceae"	0	6.13802892546131e-05	0	6.3390939849922e-06	0	0	0	0
"d__Bacteria; p__Proteobacteria; c__Alphaproteobacteria; o__Rhizobiales; f__Rhizobiaceae"	0	0	3.71367561043543e-05	0	0	0	0	0
"d__Bacteria; p__Proteobacteria; c__Alphaproteobacteria; o__Rhizobiales; f__Xanthobacteraceae"	0	4.27176830429754e-05	0	0	0	0	0	0
"d__Bacteria; p__Proteobacteria; c__Alphaproteobacteria; o__Rhodobacterales; f__Rhodobacteraceae"	0	9.84878893608223e-05	8.15655280989802e-05	3.69404069239838e-05	0	6.23781676413255e-06	1.11000111000111e-05	2.21064266540344e-05
"d__Bacteria; p__Proteobacteria; c__Alphaproteobacteria; o__Rhodospirillales; f__AEGEAN-169_marine_group"	0	0	0	0	0	0	0	4.96197883716026e-06
"d__Bacteria; p__Proteobacteria; c__Alphaproteobacteria; o__Rhodospirillales; f__Magnetospiraceae"	0	0	0	0	0	0	0	0
"d__Bacteria; p__Proteobacteria; c__Alphaproteobacteria; o__Rhodospirillales; f__uncultured"	1.82742276283479e-05	8.38022142099403e-05	4.33035404974711e-05	1.15180833909237e-05	0	0	6.14864345553762e-06	0
"d__Bacteria; p__Proteobacteria; c__Alphaproteobacteria; o__Rickettsiales; f__Mitochondria"	0	3.07668432335471e-05	2.83139736538475e-06	9.63646438121853e-06	0	0	0	0
"d__Bacteria; p__Proteobacteria; c__Alphaproteobacteria; o__SAR11_clade; f__Clade_I"	0	0.000567767675605171	1.11978947957784e-05	2.03198931754187e-05	0	0	0	9.92395767432052e-06
"d__Bacteria; p__Proteobacteria; c__Alphaproteobacteria; o__SAR11_clade; f__Clade_II"	0	0	0	0	0	0	0	0
"d__Bacteria; p__Proteobacteria; c__Alphaproteobacteria; o__SAR11_clade; f__Clade_III"	0	0	0	0	0	1.55945419103314e-05	0	0
"d__Bacteria; p__Proteobacteria; c__Alphaproteobacteria; o__Sphingomonadales; f__Sphingomonadaceae"	0	2.30943070767204e-05	0	1.94198139159366e-05	0	0	0	9.46234255465396e-05
"d__Bacteria; p__Proteobacteria; c__Alphaproteobacteria; o__Tistrellales; f__Geminicoccaceae"	0	0	2.83139736538475e-06	0	0	0	0	0
"d__Bacteria; p__Proteobacteria; c__Alphaproteobacteria; o__uncultured; f__uncultured"	0	0	0	0	0	0	0	0
"d__Bacteria; p__Proteobacteria; c__Gammaproteobacteria; o__Aeromonadales; f__Succinivibrionaceae"	0	2.30176084704799e-05	0	1.12425417780883e-05	0	0	0	0
"d__Bacteria; p__Proteobacteria; c__Gammaproteobacteria; o__Alteromonadales; f__Alteromonadaceae"	0	0	0	0	0	0	0	0
"d__Bacteria; p__Proteobacteria; c__Gammaproteobacteria; o__Alteromonadales; f__Colwelliaceae"	0	1.53450723136533e-05	9.65670416686785e-06	0	0	0	0	0
"d__Bacteria; p__Proteobacteria; c__Gammaproteobacteria; o__Alteromonadales; f__Pseudoalteromonadaceae"	0	0.000429662024782292	9.65670416686785e-06	0	0	0	0	0
"d__Bacteria; p__Proteobacteria; c__Gammaproteobacteria; o__Arenicellales; f__Arenicellaceae"	0	0	0	0	0	0	0	0
"d__Bacteria; p__Proteobacteria; c__Gammaproteobacteria; o__AT-s2-59; f__AT-s2-59"	0	0	0	0	0	0	0	9.47418285172904e-06
"d__Bacteria; p__Proteobacteria; c__Gammaproteobacteria; o__B2M28; f__B2M28"	0	6.41745547890261e-06	0	0	0	0	0	0
"d__Bacteria; p__Proteobacteria; c__Gammaproteobacteria; o__BD7-8; f__BD7-8"	0	0	0	0	0	0	0	0
"d__Bacteria; p__Proteobacteria; c__Gammaproteobacteria; o__Burkholderiales; f__Alcaligenaceae"	0	0	0	0	0	0	0	0
"d__Bacteria; p__Proteobacteria; c__Gammaproteobacteria; o__Burkholderiales; f__Burkholderiaceae"	0.00218408686784287	0.028728465252663	0.0466386210080093	0.000191042722801957	0.00275735094275659	0.00940801970046992	0.0148118721200693	0.000364798448004255
"d__Bacteria; p__Proteobacteria; c__Gammaproteobacteria; o__Burkholderiales; f__Chromobacteriaceae"	0	0	0	0	0	0	0	0
"d__Bacteria; p__Proteobacteria; c__Gammaproteobacteria; o__Burkholderiales; f__Comamonadaceae"	0.000153663810266877	0.0088726156721476	0.00411974345656935	1.78157824728091e-05	0.00184886482431356	0.0159165004244797	0.0186336563094166	0.000471073738600073
"d__Bacteria; p__Proteobacteria; c__Gammaproteobacteria; o__Burkholderiales; f__Gallionellaceae"	0	0	0	0	0	3.74269005847953e-05	0	0
"d__Bacteria; p__Proteobacteria; c__Gammaproteobacteria; o__Burkholderiales; f__Hydrogenophilaceae"	0	0	0	0	0	0	0	0
"d__Bacteria; p__Proteobacteria; c__Gammaproteobacteria; o__Burkholderiales; f__Methylophilaceae"	0	7.77453838678328e-06	7.07849341346188e-06	0	0	6.54970760233918e-05	0	0
"d__Bacteria; p__Proteobacteria; c__Gammaproteobacteria; o__Burkholderiales; f__Neisseriaceae"	0.106931001188309	0.119357762693055	0.14804126421358	0.10086521550496	0.103497690809455	0.0346022089705902	0.0726911286717981	0.0667830384935219
"d__Bacteria; p__Proteobacteria; c__Gammaproteobacteria; o__Burkholderiales; f__Nitrosomonadaceae"	0	3.83626807841332e-05	0	0	0	0	0	0
"d__Bacteria; p__Proteobacteria; c__Gammaproteobacteria; o__Burkholderiales; f__Oxalobacteraceae"	0	3.06901446273066e-05	5.6627947307695e-06	0	0	0	0	2.60897563107441e-05
"d__Bacteria; p__Proteobacteria; c__Gammaproteobacteria; o__Burkholderiales; f__Rhodocyclaceae"	3.56249053713451e-06	0.000661334123387208	0.000140296345859435	3.08006769888853e-05	0	0.000178568737555097	0.000151316376954593	5.07836341494655e-05
"d__Bacteria; p__Proteobacteria; c__Gammaproteobacteria; o__Burkholderiales; f__Sutterellaceae"	0	9.63524472846216e-05	0	0	0	0	0	0
"d__Bacteria; p__Proteobacteria; c__Gammaproteobacteria; o__Cardiobacteriales; f__Cardiobacteriaceae"	0.000196438893227673	0.00594672750109278	0.0123967052481984	3.97231732903767e-05	0.000497761298031333	0.00656214445672014	0.00987107018022214	9.46412106685332e-05
"d__Bacteria; p__Proteobacteria; c__Gammaproteobacteria; o__Cellvibrionales; f__Cellvibrionaceae"	0	5.37077530977865e-05	0	0	0	0	0	8.64229539365655e-06
"d__Bacteria; p__Proteobacteria; c__Gammaproteobacteria; o__Cellvibrionales; f__Halieaceae"	0	0	0	5.80568376440535e-06	0	0	0	0
"d__Bacteria; p__Proteobacteria; c__Gammaproteobacteria; o__Cellvibrionales; f__Spongiibacteraceae"	0	1.49740627841061e-05	9.28418902608857e-06	0	0	0	0	0
"d__Bacteria; p__Proteobacteria; c__Gammaproteobacteria; o__Competibacterales; f__Competibacteraceae"	0	0	0	0	0	0	0	0
"d__Bacteria; p__Proteobacteria; c__Gammaproteobacteria; o__Coxiellales; f__Coxiellaceae"	0	0	0	0	0	0	0	0
"d__Bacteria; p__Proteobacteria; c__Gammaproteobacteria; o__Diplorickettsiales; f__Diplorickettsiaceae"	0	0	0	0	0	0	0	0
"d__Bacteria; p__Proteobacteria; c__Gammaproteobacteria; o__Ectothiorhodospirales; f__Thioalkalispiraceae"	0	0	0	0	0	0	0	0
"d__Bacteria; p__Proteobacteria; c__Gammaproteobacteria; o__Enterobacterales; f__Enterobacteriaceae"	0	0.00204801943458473	0.000185644686382187	7.39587417723682e-05	4.65484336452078e-06	3.91897518798834e-05	2.77500277500278e-05	0
"d__Bacteria; p__Proteobacteria; c__Gammaproteobacteria; o__Enterobacterales; f__Erwiniaceae"	0	0	0	0	0	0	0	0
"d__Bacteria; p__Proteobacteria; c__Gammaproteobacteria; o__Enterobacterales; f__Hafniaceae"	0	5.37077530977865e-05	0	0	0	0	0	0
"d__Bacteria; p__Proteobacteria; c__Gammaproteobacteria; o__Enterobacterales; f__Morganellaceae"	0	0	0	0	0	0	0	6.31612190115269e-06
"d__Bacteria; p__Proteobacteria; c__Gammaproteobacteria; o__Enterobacterales; f__Yersiniaceae"	0	2.30176084704799e-05	0	0	0	0	0	0
"d__Bacteria; p__Proteobacteria; c__Gammaproteobacteria; o__EPR3968-O8a-Bc78; f__EPR3968-O8a-Bc78"	0	0	0	0	0	0	0	0
"d__Bacteria; p__Proteobacteria; c__Gammaproteobacteria; o__Gammaproteobacteria_Incertae_Sedis; f__Unknown_Family"	0	1.5806274015879e-05	4.45800076359092e-05	0	0	2.49512670565302e-05	0	0
"d__Bacteria; p__Proteobacteria; c__Gammaproteobacteria; o__Granulosicoccales; f__Granulosicoccaceae"	0	1.64181632604527e-05	3.71367561043543e-05	0	0	9.79743796997085e-06	0	0
"d__Bacteria; p__Proteobacteria; c__Gammaproteobacteria; o__Halothiobacillales; f__Halothiobacillaceae"	0	3.06901446273066e-05	0	0	0	0	0	0
"d__Bacteria; p__Proteobacteria; c__Gammaproteobacteria; o__HOC36; f__HOC36"	0	0	0	0	0	0	0	0
"d__Bacteria; p__Proteobacteria; c__Gammaproteobacteria; o__JG36-TzT-191; f__JG36-TzT-191"	0	0	0	0	0	0	0	4.96197883716026e-06
"d__Bacteria; p__Proteobacteria; c__Gammaproteobacteria; o__JTB23; f__JTB23"	0	0	0	0	0	0	0	9.92395767432052e-06
"d__Bacteria; p__Proteobacteria; c__Gammaproteobacteria; o__KI89A_clade; f__KI89A_clade"	0	0	0	0	0	0	0	0
"d__Bacteria; p__Proteobacteria; c__Gammaproteobacteria; o__MBAE14; f__MBAE14"	0	0	0	0	0	0	0	0
"d__Bacteria; p__Proteobacteria; c__Gammaproteobacteria; o__Nitrosococcales; f__Methylophagaceae"	0	0	0	0	0	0	0	0
"d__Bacteria; p__Proteobacteria; c__Gammaproteobacteria; o__Nitrosococcales; f__Nitrosococcaceae"	0	0	0	0	0	0	0	0
"d__Bacteria; p__Proteobacteria; c__Gammaproteobacteria; o__Oceanospirillales; f__Halomonadaceae"	0	0	0	0	0	0	0	0
"d__Bacteria; p__Proteobacteria; c__Gammaproteobacteria; o__Oceanospirillales; f__Marinomonadaceae"	0	0	0	0	0	0	0	0
"d__Bacteria; p__Proteobacteria; c__Gammaproteobacteria; o__Oceanospirillales; f__Nitrincolaceae"	0	0	0	0	0	0	0	1.15230605248754e-05
"d__Bacteria; p__Proteobacteria; c__Gammaproteobacteria; o__Oceanospirillales; f__Oleiphilaceae"	0	0	0	0	0	0	0	3.570695303643e-06
"d__Bacteria; p__Proteobacteria; c__Gammaproteobacteria; o__Oceanospirillales; f__Pseudohongiellaceae"	0	0	0	0	0	0	0	0
"d__Bacteria; p__Proteobacteria; c__Gammaproteobacteria; o__Oceanospirillales; f__Saccharospirillaceae"	0	7.74923476306715e-06	1.85683780521771e-05	4.27304775130862e-06	0	0	0	0
"d__Bacteria; p__Proteobacteria; c__Gammaproteobacteria; o__OM182_clade; f__OM182_clade"	0	3.47814182806115e-05	0	0	0	0	0	0
"d__Bacteria; p__Proteobacteria; c__Gammaproteobacteria; o__Orbales; f__Orbaceae"	0	0	0	0	0	0	0	0
"d__Bacteria; p__Proteobacteria; c__Gammaproteobacteria; o__Pasteurellales; f__Pasteurellaceae"	0.059355932074304	0.0435302231078814	0.044715772735616	0.0353329392081906	0.0407905865191557	0.0166757286282308	0.0236554705103619	0.028531243036262
"d__Bacteria; p__Proteobacteria; c__Gammaproteobacteria; o__PLTA13; f__PLTA13"	0	0	0	0	0	0	0	0
"d__Bacteria; p__Proteobacteria; c__Gammaproteobacteria; o__Pseudomonadales; f__Moraxellaceae"	0.00152382690839508	0.00107245533384879	0.00411377955438171	5.77819967807173e-05	0.000944772720930119	0.000609016261470695	0.00130240313831385	0.000549911304881618
"d__Bacteria; p__Proteobacteria; c__Gammaproteobacteria; o__Pseudomonadales; f__Pseudomonadaceae"	0	0.000214831012391146	1.23789187014514e-05	0	0	0	0	5.2907037316843e-06
"d__Bacteria; p__Proteobacteria; c__Gammaproteobacteria; o__R7C24; f__R7C24"	0	0	0	0	0	0	0	0
"d__Bacteria; p__Proteobacteria; c__Gammaproteobacteria; o__Salinisphaerales; f__Salinisphaeraceae"	0	0	0	0	0	0	0	0
"d__Bacteria; p__Proteobacteria; c__Gammaproteobacteria; o__SAR86_clade; f__SAR86_clade"	0	0	0	0	0	0	0	0
"d__Bacteria; p__Proteobacteria; c__Gammaproteobacteria; o__Steroidobacterales; f__Steroidobacteraceae"	0	4.27830365260174e-06	0	0	0	0	0	0
"d__Bacteria; p__Proteobacteria; c__Gammaproteobacteria; o__Steroidobacterales; f__Woeseiaceae"	0	1.7113214610407e-05	0	0	0	0	0	0
"d__Bacteria; p__Proteobacteria; c__Gammaproteobacteria; o__Tenderiales; f__Tenderiaceae"	0	0	0	0	0	0	0	0
"d__Bacteria; p__Proteobacteria; c__Gammaproteobacteria; o__Thiotrichales; f__Thiotrichaceae"	0	5.37077530977865e-05	0	0	0	0	0	0
"d__Bacteria; p__Proteobacteria; c__Gammaproteobacteria; o__UBA10353_marine_group; f__UBA10353_marine_group"	0	0	0	0	0	0	0	0
"d__Bacteria; p__Proteobacteria; c__Gammaproteobacteria; o__uncultured; f__uncultured"	0	0	0	0	0	0	0	0
"d__Bacteria; p__Proteobacteria; c__Gammaproteobacteria; o__Xanthomonadales; f__Rhodanobacteraceae"	0	0	0	0	0	0	0	0
"d__Bacteria; p__Proteobacteria; c__Gammaproteobacteria; o__Xanthomonadales; f__Xanthomonadaceae"	0	0.000236517892278503	0	8.70852564660803e-06	0	0	0	0
"d__Bacteria; p__Proteobacteria; c__Zetaproteobacteria; o__Mariprofundales; f__Mariprofundaceae"	0	0	2.166310772754e-05	0	0	0	0	0
"d__Bacteria; p__SAR324_clade(Marine_group_B); c__SAR324_clade(Marine_group_B); o__SAR324_clade(Marine_group_B); f__SAR324_clade(Marine_group_B)"	0	0	0	3.19312607042294e-05	0	0	0	0
"d__Bacteria; p__Schekmanbacteria; c__Schekmanbacteria; o__Schekmanbacteria; f__Schekmanbacteria"	0	0	0	0	0	0	0	0
"d__Bacteria; p__Spirochaetota; c__Leptospirae; o__Leptospirales; f__Leptospiraceae"	3.56249053713451e-06	0	7.07849341346188e-06	0	0	0	0	0
"d__Bacteria; p__Spirochaetota; c__Spirochaetia; o__Spirochaetales; f__Spirochaetaceae"	0.00601583666076534	0.012001686161477	0.00896976624563904	0.00103224324006851	0.00571521755299755	0.0202082186592699	0.00698483120973684	0.00165370431023866
"d__Bacteria; p__Sumerlaeota; c__Sumerlaeia; o__Sumerlaeales; f__Sumerlaeaceae"	0	0	0	0	0	0	0	0
"d__Bacteria; p__Sumerlaeota; c__Sumerlaeia; o__uncultured; f__uncultured"	0	3.06901446273066e-05	0	0	0	0	0	0
"d__Bacteria; p__Synergistota; c__Synergistia; o__Synergistales; f__Synergistaceae"	0.00105501406695259	0.00401968128767014	0.00172100371745139	3.69934504983754e-05	0.000768444759860638	0.00244064378812628	0.0015230003089909	0
"d__Bacteria; p__Verrucomicrobiota; c__Chlamydiae; o__LD1-PA32; f__LD1-PA32"	0	0	0	0	0	0	0	0
"d__Bacteria; p__Verrucomicrobiota; c__Kiritimatiellae; o__Kiritimatiellales; f__Kiritimatiellaceae"	0	0	0	0	0	0	0	0
"d__Bacteria; p__Verrucomicrobiota; c__Kiritimatiellae; o__WCHB1-41; f__WCHB1-41"	0	4.23906953781478e-05	0	0	0	0	0	0
"d__Bacteria; p__Verrucomicrobiota; c__Omnitrophia; o__Omnitrophales; f__Omnitrophaceae"	0	4.88081508570504e-05	0	1.44600660296831e-05	0	0	0	0
"d__Bacteria; p__Verrucomicrobiota; c__Omnitrophia; o__Omnitrophales; f__Omnitrophales"	0	5.37077530977865e-05	0	0	0	0	0	5.7615302624377e-06
"d__Bacteria; p__Verrucomicrobiota; c__Verrucomicrobiae; o__Opitutales; f__Puniceicoccaceae"	0	9.20704338819197e-05	0	0	0	0	0	0
"d__Bacteria; p__Verrucomicrobiota; c__Verrucomicrobiae; o__Pedosphaerales; f__Pedosphaeraceae"	0	4.62653127596814e-05	1.35312850741657e-05	0	0	0	0	0
"d__Bacteria; p__Verrucomicrobiota; c__Verrucomicrobiae; o__uncultured; f__uncultured"	0	0	0	0	0	6.23781676413255e-06	0	0
"d__Bacteria; p__Verrucomicrobiota; c__Verrucomicrobiae; o__Verrucomicrobiales; f__Akkermansiaceae"	0	2.30176084704799e-05	0	0	0	0	0	0
"d__Bacteria; p__Verrucomicrobiota; c__Verrucomicrobiae; o__Verrucomicrobiales; f__DEV007"	0	0	0	0	0	0	0	0
"d__Bacteria; p__Verrucomicrobiota; c__Verrucomicrobiae; o__Verrucomicrobiales; f__Rubritaleaceae"	0	0	1.54736483768143e-05	0	0	0	0	1.72845907873131e-05
"d__Bacteria; p__Verrucomicrobiota; c__Verrucomicrobiae; o__Verrucomicrobiales; f__Verrucomicrobiaceae"	0	0	0	0	0	0	0	0
"d__Bacteria; p__WPS-2; c__WPS-2; o__WPS-2; f__WPS-2"	0	0	0	0	0	0	0	0
"d__Bacteria; p__WS1; c__WS1; o__WS1; f__WS1"	0	3.06901446273066e-05	0	0	0	0	0	0
"d__Bacteria; p__WS2; c__WS2; o__WS2; f__WS2"	0	2.30176084704799e-05	0	0	0	0	0	0
"d__Bacteria; p__Zixibacteria; c__Zixibacteria; o__Zixibacteria; f__Zixibacteria"	0	0	0	0	0	0	0	0
"d__Eukaryota; p__Ascomycota; c__Sordariomycetes; o__Hypocreales; f__Stachybotryaceae"	0	0	0	0	0	9.54460312347137e-06	0	0
